{
    "loss": 0.2291448712348938,
    "accuracy": 0.942307710647583
}